1,-0.971,-0.24275
2,2.871,0.4785
3,-0.492,-0.082
4,-2.091,-0.34850000000000003
5,2.122,0.4244
6,-0.32799999999999996,-0.08199999999999999
7,0.3470000000000001,0.05783333333333335
8,-0.542,-0.10840000000000001
9,0.42800000000000005,0.06114285714285715
10,1.963,0.2804285714285714
11,-0.024999999999999967,-0.008333333333333323
12,-1.0739999999999998,-0.17899999999999996
13,-0.41500000000000004,-0.10375000000000001
14,-1.028,-0.17133333333333334
15,-0.8150000000000001,-0.20375000000000001
16,0.7209999999999999,0.10299999999999998
17,1.2,0.24
18,-0.9139999999999999,-0.13057142857142856
19,-2.032,-0.33866666666666667
20,-0.495,-0.0825
21,0.765,0.1275
22,-1.105,-0.18416666666666667
23,-1.932,-0.38639999999999997
24,0.30899999999999994,0.044142857142857136
25,1.34,0.19142857142857145
26,-0.683,-0.17075
27,-1.026,-0.2052
28,-1.573,-0.26216666666666666
29,0.349,0.0698
30,2.508,0.5016
31,-1.0050000000000001,-0.1435714285714286
32,0.601,0.1202
33,-1.014,-0.169
34,-0.675,-0.09642857142857143
35,0.49099999999999994,0.07014285714285713
36,0.14599999999999996,0.029199999999999993
37,-1.373,-0.19614285714285715
38,-2.396,-0.3993333333333333
39,0.7519999999999999,0.12533333333333332
40,-1.306,-0.21766666666666667
41,-0.49400000000000005,-0.08233333333333334
42,0.19000000000000003,0.03166666666666667
43,-0.845,-0.21125
44,2.306,0.32942857142857146
45,-1.038,-0.17300000000000001
46,2.142,0.357
47,1.161,0.1935
48,1.121,0.16014285714285714
49,-0.44999999999999996,-0.06428571428571428
50,0.40599999999999997,0.06766666666666667
51,-1.036,-0.148
52,-0.032999999999999974,-0.004714285714285711
53,0.8190000000000001,0.117
54,-0.6709999999999998,-0.09585714285714284
55,0.291,0.058199999999999995
56,-0.967,-0.16116666666666665
57,2.43,0.34714285714285714
58,2.829,0.4041428571428572
59,-0.256,-0.0512
60,0.07300000000000012,0.010428571428571445
61,-0.49499999999999994,-0.08249999999999999
62,2.614,0.3734285714285714
63,-1.185,-0.1692857142857143
64,-0.313,-0.0626
65,0.14300000000000007,0.023833333333333345
66,0.9660000000000001,0.161
67,-3.632,-0.5188571428571429
68,1.713,0.24471428571428572
69,-0.07800000000000007,-0.019500000000000017
70,-1.233,-0.20550000000000002
71,-1.236,-0.2472
72,-1.451,-0.24183333333333334
73,-1.049,-0.2098
74,1.476,0.2952
75,-0.5959999999999999,-0.11919999999999997
76,-1.599,-0.22842857142857143
77,-0.684,-0.114
78,0.5029999999999999,0.07185714285714284
79,-1.685,-0.337
80,-0.3999999999999999,-0.06666666666666665
81,0.888,0.1776
82,0.729,0.1215
83,1.317,0.26339999999999997
84,0.668,0.11133333333333334
85,-1.716,-0.429
86,0.232,0.03314285714285715
87,-0.564,-0.08057142857142856
88,1.604,0.22914285714285715
89,0.4320000000000001,0.07200000000000002
90,1.087,0.15528571428571428
91,0.889,0.127
92,-1.266,-0.211
93,-0.406,-0.06766666666666667
94,-1.2999999999999998,-0.21666666666666665
95,1.858,0.26542857142857146
96,-0.8370000000000001,-0.11957142857142858
97,-0.42300000000000004,-0.060428571428571436
98,-1.0410000000000001,-0.14871428571428574
99,-0.028000000000000004,-0.004666666666666667
100,0.655,0.10916666666666668
101,-1.814,-0.30233333333333334
102,-1.219,-0.2031666666666667
103,-0.882,-0.1764
104,0.35500000000000004,0.05916666666666667
105,-1.735,-0.2891666666666667
106,-0.8669999999999999,-0.1445
107,-2.339,-0.4678
108,-0.393,-0.0786
109,-1.1109999999999998,-0.18516666666666662
110,-2.013,-0.33549999999999996
111,1.685,0.337
112,-1.786,-0.25514285714285717
113,1.4929999999999999,0.2986
114,-0.6849999999999999,-0.11416666666666665
115,0.637,0.1274
116,-0.14400000000000007,-0.02057142857142858
117,0.9810000000000001,0.14014285714285715
118,-0.3360000000000001,-0.06720000000000001
119,-2.1350000000000002,-0.3558333333333334
120,1.222,0.3055
121,-2.609,-0.43483333333333335
122,0.62,0.08857142857142856
123,-0.721,-0.12016666666666666
124,2.239,0.31985714285714284
125,-0.17000000000000004,-0.02833333333333334
126,0.13900000000000007,0.027800000000000012
127,0.3359999999999999,0.08399999999999998
128,-1.3010000000000002,-0.1858571428571429
129,1.086,0.15514285714285717
130,-0.10299999999999998,-0.025749999999999995
131,0.13599999999999995,0.02719999999999999
132,-1.906,-0.2722857142857143
133,-0.317,-0.04528571428571428
134,-2.286,-0.4572
135,-0.728,-0.1456
136,0.623,0.10383333333333333
137,0.295,0.049166666666666664
138,2.819,0.4027142857142857
139,0.6420000000000001,0.09171428571428573
140,1.546,0.22085714285714286
141,-0.20700000000000002,-0.029571428571428575
142,0.5570000000000002,0.09283333333333336
143,-2.5749999999999997,-0.42916666666666664
144,-0.05999999999999997,-0.011999999999999993
145,0.5920000000000001,0.09866666666666668
146,0.671,0.1342
147,1.4720000000000002,0.24533333333333338
148,-1.013,-0.20259999999999997
149,-0.573,-0.1146
150,3.166,0.5276666666666666
151,-0.19800000000000004,-0.028285714285714292
152,-0.4210000000000001,-0.08420000000000002
153,2.164,0.30914285714285716
154,1.611,0.23014285714285715
155,0.573,0.09549999999999999
156,1.264,0.2528
157,1.2189999999999999,0.20316666666666663
158,-1.72,-0.344
159,-0.24900000000000005,-0.04980000000000001
160,-0.14800000000000005,-0.02114285714285715
161,2.2159999999999997,0.3693333333333333
162,1.925,0.275
163,0.06600000000000004,0.013200000000000009
164,-1.544,-0.25733333333333336
165,0.607,0.08671428571428572
166,-1.551,-0.2585
167,-0.23199999999999996,-0.03866666666666666
168,0.5449999999999999,0.09083333333333332
169,0.418,0.05971428571428571
170,1.548,0.22114285714285714
171,0.6070000000000001,0.15175000000000002
172,0.2630000000000001,0.03757142857142859
173,0.604,0.12079999999999999
174,-0.6240000000000001,-0.12480000000000002
175,0.061000000000000054,0.020333333333333353
176,0.32399999999999995,0.0648
177,0.413,0.08259999999999999
178,1.4789999999999999,0.24649999999999997
179,0.874,0.2185
180,2.364,0.39399999999999996
181,2.32,0.3314285714285714
182,0.72,0.10285714285714286
183,-1.1420000000000001,-0.22840000000000002
184,-1.645,-0.27416666666666667
185,-1.203,-0.17185714285714287
186,0.6110000000000001,0.0872857142857143
187,1.697,0.42425
188,-0.014999999999999902,-0.0024999999999999836
189,-1.546,-0.25766666666666665
190,-2.289,-0.3815
191,0.18600000000000008,0.031000000000000014
192,-1.397,-0.23283333333333334
193,0.613,0.1226
194,2.141,0.35683333333333334
195,-2.644,-0.4406666666666667
196,-1.807,-0.45175
197,3.503,0.5838333333333333
198,0.6769999999999999,0.11283333333333333
199,1.95,0.39
200,-0.6900000000000001,-0.09857142857142857
201,-0.387,-0.0774
202,-0.532,-0.08866666666666667
203,-1.369,-0.2738
204,-2.104,-0.3506666666666667
205,-1.901,-0.31683333333333336
206,-0.643,-0.10716666666666667
207,-0.2089999999999999,-0.03483333333333332
208,-0.38799999999999996,-0.06466666666666666
209,2.289,0.3815
210,-0.17300000000000004,-0.02471428571428572
211,-0.11099999999999996,-0.02219999999999999
212,-3.904,-0.5577142857142857
213,1.8599999999999999,0.31
214,-0.364,-0.0728
215,-1.727,-0.34540000000000004
216,-0.466,-0.0932
217,0.579,0.11579999999999999
218,0.5780000000000001,0.11560000000000001
219,-0.755,-0.12583333333333332
220,-0.716,-0.10228571428571429
221,-1.695,-0.24214285714285716
222,-1.123,-0.18716666666666668
223,-0.6379999999999999,-0.1276
224,-0.6019999999999999,-0.12039999999999998
225,-0.013999999999999901,-0.0019999999999999857
226,-0.872,-0.12457142857142857
227,0.475,0.07916666666666666
228,-0.853,-0.14216666666666666
229,-0.37999999999999995,-0.07599999999999998
230,2.205,0.441
231,-1.436,-0.23933333333333331
232,1.468,0.24466666666666667
233,-0.677,-0.11283333333333334
234,0.94,0.15666666666666665
235,0.9690000000000001,0.19380000000000003
236,-2.597,-0.43283333333333335
237,0.15999999999999995,0.02285714285714285
238,-1.763,-0.29383333333333334
239,1.359,0.2265
240,0.8480000000000001,0.14133333333333334
241,-1.064,-0.17733333333333334
242,0.24199999999999997,0.034571428571428565
243,0.23399999999999999,0.046799999999999994
244,0.48999999999999994,0.12249999999999998
245,0.31399999999999995,0.04485714285714285
246,2.783,0.4638333333333333
247,0.33100000000000007,0.06620000000000001
248,0.624,0.104
249,0.0049999999999999906,0.000714285714285713
250,-0.242,-0.04033333333333333
251,1.619,0.2698333333333333
252,-1.2189999999999999,-0.17414285714285713
253,-4.142,-0.5917142857142857
254,-1.105,-0.18416666666666667
255,-0.7999999999999999,-0.13333333333333333
256,0.33399999999999996,0.05566666666666666
257,-0.881,-0.12585714285714286
258,1.766,0.5886666666666667
259,0.542,0.09033333333333333
260,0.65,0.09285714285714286
261,-0.59,-0.09833333333333333
262,2.195,0.3658333333333333
263,-1.609,-0.26816666666666666
264,-2.537,-0.5074
265,1.488,0.2976
266,3.257,0.6514
267,0.21299999999999997,0.030428571428571423
268,-0.31900000000000006,-0.07975000000000002
269,1.568,0.224
270,-3.106,-0.5176666666666666
271,0.6829999999999999,0.1366
272,1.907,0.3814
273,0.5430000000000001,0.09050000000000002
274,-0.7170000000000001,-0.14340000000000003
275,-0.8009999999999999,-0.11442857142857142
276,1.354,0.22566666666666668
277,-0.3539999999999999,-0.05899999999999999
278,1.805,0.361
279,0.866,0.14433333333333334
280,-1.092,-0.273
281,-0.263,-0.037571428571428575
282,-1.4809999999999999,-0.21157142857142855
283,-0.061999999999999916,-0.01033333333333332
284,-3.773,-0.7546
285,-2.285,-0.457
286,0.993,0.1655
287,1.319,0.2638
288,1.383,0.19757142857142856
289,0.652,0.09314285714285715
290,0.45000000000000007,0.0642857142857143
291,0.03399999999999995,0.0056666666666666575
292,3.542,0.506
293,-1.272,-0.18171428571428572
294,2.0540000000000003,0.3423333333333334
295,1.752,0.2502857142857143
296,-0.192,-0.038400000000000004
297,0.12699999999999997,0.018142857142857138
298,0.129,0.021500000000000002
299,2.056,0.2937142857142857
300,-1.4579999999999997,-0.24299999999999997
301,1.514,0.25233333333333335
302,-0.529,-0.07557142857142858
303,1.789,0.3578
304,1.2999999999999998,0.21666666666666665
305,-2.427,-0.4045
306,1.657,0.33140000000000003
307,-0.104,-0.014857142857142857
308,0.6960000000000001,0.116
309,0.7210000000000001,0.18025000000000002
310,-2.3400000000000003,-0.39000000000000007
311,-1.619,-0.3238
312,0.25100000000000006,0.05020000000000001
313,0.7290000000000001,0.12150000000000001
314,3.324,0.5539999999999999
315,-1.406,-0.20085714285714285
316,0.4759999999999999,0.07933333333333333
317,-0.086,-0.014333333333333332
318,1.623,0.3246
319,1.313,0.21883333333333332
320,1.564,0.3128
321,1.1500000000000001,0.19166666666666668
322,0.5730000000000001,0.11460000000000001
323,-0.052999999999999964,-0.008833333333333327
324,1.613,0.2688333333333333
325,-2.255,-0.3221428571428571
326,-1.984,-0.2834285714285714
327,0.8860000000000001,0.17720000000000002
328,1.327,0.26539999999999997
329,-0.7569999999999999,-0.12616666666666665
330,0.24100000000000005,0.04820000000000001
331,-1.0290000000000001,-0.1715
332,1.432,0.23866666666666667
333,0.562,0.1405
334,-0.903,-0.1806
335,2.227,0.3181428571428571
336,0.08599999999999994,0.017199999999999986
337,-0.4059999999999999,-0.05799999999999999
338,1.075,0.17916666666666667
339,-1.532,-0.3064
340,0.857,0.14283333333333334
341,-0.9779999999999999,-0.1397142857142857
342,0.12499999999999992,0.02083333333333332
343,-0.4660000000000001,-0.11650000000000002
344,1.8579999999999999,0.30966666666666665
345,-1.745,-0.29083333333333333
346,0.808,0.13466666666666668
347,0.6619999999999999,0.1324
348,0.08000000000000007,0.011428571428571439
349,-1.015,-0.145
350,0.696,0.174
351,-0.61,-0.10166666666666667
352,-2.264,-0.3773333333333333
353,0.38,0.054285714285714284
354,1.3800000000000001,0.23
355,0.8029999999999999,0.13383333333333333
356,-2.027,-0.3378333333333334
357,1.325,0.22083333333333333
358,-0.11499999999999994,-0.019166666666666655
359,-0.802,-0.16040000000000001
360,0.396,0.066
361,2.847,0.4067142857142857
362,0.2889999999999999,0.07224999999999998
363,0.35700000000000004,0.059500000000000004
364,1.2690000000000001,0.31725000000000003
365,-0.3889999999999999,-0.09724999999999998
366,-1.122,-0.1602857142857143
367,0.12099999999999998,0.020166666666666663
368,2.308,0.38466666666666666
369,1.3,0.18571428571428572
370,1.456,0.2912
371,-0.505,-0.08416666666666667
372,0.22500000000000003,0.045000000000000005
373,-0.030000000000000013,-0.005000000000000002
374,-0.07099999999999995,-0.011833333333333326
375,0.19999999999999996,0.039999999999999994
376,2.1109999999999998,0.30157142857142855
377,-2.538,-0.423
378,-0.153,-0.0255
379,1.061,0.15157142857142855
380,0.43499999999999994,0.0725
381,-1.1469999999999998,-0.19116666666666662
382,0.6309999999999999,0.10516666666666664
383,0.5469999999999999,0.07814285714285714
384,-1.0679999999999998,-0.15257142857142855
385,1.185,0.23700000000000002
386,-2.659,-0.44316666666666665
387,0.8700000000000001,0.14500000000000002
388,-0.717,-0.10242857142857142
389,1.648,0.3296
390,0.007999999999999976,0.0011428571428571395
391,1.2069999999999999,0.24139999999999998
392,0.13199999999999995,0.02639999999999999
393,2.9010000000000002,0.48350000000000004
394,0.8349999999999999,0.13916666666666663
395,0.7989999999999999,0.13316666666666666
396,1.0799999999999998,0.15428571428571428
397,-1.5939999999999999,-0.26566666666666666
398,-0.06999999999999994,-0.011666666666666657
399,2.356,0.39266666666666666
400,-1.858,-0.3096666666666667
401,0.3509999999999999,0.05849999999999999
402,-0.9390000000000001,-0.13414285714285715
403,-1.315,-0.21916666666666665
404,-0.862,-0.1724
405,-1.133,-0.18883333333333333
406,-1.805,-0.25785714285714284
407,1.3870000000000002,0.19814285714285718
408,0.6429999999999999,0.16074999999999998
409,0.7480000000000001,0.10685714285714287
410,-0.502,-0.07171428571428572
411,-0.17099999999999993,-0.056999999999999974
412,-1.4449999999999998,-0.24083333333333332
413,-0.47899999999999987,-0.06842857142857141
414,1.039,0.1484285714285714
415,1.025,0.1708333333333333
416,-0.668,-0.09542857142857143
417,-1.558,-0.3116
418,0.4139999999999999,0.06899999999999999
419,-0.015000000000000076,-0.002142857142857154
420,-1.571,-0.2618333333333333
421,-1.25,-0.20833333333333334
422,-1.617,-0.2695
423,-1.513,-0.21614285714285714
424,-1.063,-0.15185714285714286
425,2.631,0.43849999999999995
426,-0.33,-0.055
427,-1.909,-0.27271428571428574
428,-0.31199999999999983,-0.05199999999999997
429,-1.302,-0.217
430,0.555,0.09250000000000001
431,-0.912,-0.152
432,3.146,0.5243333333333333
433,-0.20799999999999985,-0.029714285714285693
434,0.597,0.08528571428571428
435,-3.426,-0.5710000000000001
436,1.002,0.2505
437,-1.1340000000000001,-0.162
438,0.636,0.212
439,0.21200000000000008,0.03533333333333335
440,-2.453,-0.3504285714285714
441,-0.8659999999999999,-0.1237142857142857
442,2.572,0.4286666666666667
443,1.191,0.1985
444,-0.48399999999999993,-0.09679999999999998
445,-2.3689999999999998,-0.3948333333333333
446,0.15,0.024999999999999998
447,-1.188,-0.23759999999999998
448,0.973,0.16216666666666665
449,0.622,0.08885714285714286
450,-0.4799999999999999,-0.09599999999999999
451,-0.7040000000000001,-0.11733333333333335
452,-0.16300000000000003,-0.032600000000000004
453,1.5630000000000002,0.2232857142857143
454,-0.02499999999999998,-0.004166666666666663
455,1.102,0.18366666666666667
456,0.8709999999999999,0.2903333333333333
457,-0.269,-0.044833333333333336
458,0.6010000000000001,0.08585714285714287
459,0.49,0.098
460,0.903,0.1505
461,2.043,0.4086
462,1.6680000000000001,0.2382857142857143
463,0.907,0.15116666666666667
464,0.634,0.09057142857142857
465,2.382,0.397
466,1.488,0.21257142857142858
467,-1.581,-0.39525
468,1.7489999999999999,0.2915
469,-2.214,-0.44279999999999997
470,-1.466,-0.20942857142857144
471,-1.436,-0.20514285714285713
472,0.07000000000000003,0.010000000000000005
473,-2.091,-0.29871428571428577
474,-0.8460000000000001,-0.12085714285714287
475,-0.815,-0.16299999999999998
476,0.938,0.1876
477,1.357,0.22616666666666665
478,0.33100000000000007,0.06620000000000001
479,1.251,0.2502
480,-0.15399999999999997,-0.030799999999999994
481,-0.29300000000000004,-0.04883333333333334
482,-0.199,-0.02842857142857143
483,1.154,0.16485714285714284
484,-0.541,-0.09016666666666667
485,3.063,0.6126
486,-2.29,-0.3271428571428571
487,1.269,0.2115
488,-3.074,-0.4391428571428571
489,-1.3359999999999999,-0.22266666666666665
490,-0.5690000000000001,-0.11380000000000001
491,-0.859,-0.21475
492,-0.857,-0.1714
493,-0.43500000000000005,-0.06214285714285715
494,1.593,0.2655
495,3.4859999999999998,0.581
496,-0.13300000000000012,-0.019000000000000017
497,-2.73,-0.455
498,-2.305,-0.3841666666666667
499,-0.9309999999999999,-0.15516666666666665
500,-0.508,-0.127
501,0.12099999999999991,0.020166666666666652
502,-1.335,-0.1907142857142857
503,-1.077,-0.21539999999999998
504,0.748,0.10685714285714286
505,1.0730000000000002,0.1532857142857143
506,0.6639999999999999,0.13279999999999997
507,-0.7699999999999999,-0.12833333333333333
508,0.763,0.19075
509,-0.4830000000000001,-0.08050000000000002
510,-0.7579999999999999,-0.10828571428571428
511,0.9589999999999999,0.23974999999999996
512,0.20199999999999996,0.04039999999999999
513,0.5780000000000001,0.09633333333333334
514,0.4910000000000001,0.09820000000000002
515,-1.1230000000000002,-0.22460000000000005
516,3.234,0.462
517,0.169,0.024142857142857143
518,1.29,0.1842857142857143
519,-1.5150000000000001,-0.21642857142857144
520,-0.5780000000000001,-0.09633333333333334
521,0.734,0.1835
522,0.19799999999999993,0.03299999999999999
523,-0.76,-0.10857142857142857
524,0.51,0.07285714285714286
525,0.9430000000000001,0.23575000000000002
526,1.918,0.3836
527,0.419,0.0838
528,1.246,0.20766666666666667
529,2.463,0.41050000000000003
530,0.6409999999999999,0.16024999999999998
531,0.8789999999999999,0.1465
532,1.7970000000000002,0.44925000000000004
533,-0.405,-0.0675
534,0.8440000000000001,0.21100000000000002
535,-0.766,-0.1532
536,3.759,0.7518
537,-2.1390000000000002,-0.35650000000000004
538,-2.169,-0.3098571428571429
539,-0.8089999999999999,-0.13483333333333333
540,1.283,0.2566
541,-1.145,-0.28625
542,0.008999999999999977,0.0017999999999999954
543,-1.216,-0.1737142857142857
544,-1.718,-0.28633333333333333
545,0.819,0.1638
546,-1.214,-0.20233333333333334
547,1.165,0.19416666666666668
548,-1.1500000000000001,-0.1642857142857143
549,1.796,0.3592
550,0.251,0.0502
551,-0.27600000000000013,-0.039428571428571445
552,2.078,0.2968571428571428
553,-2.491,-0.35585714285714287
554,-0.27299999999999996,-0.06824999999999999
555,-1.34,-0.22333333333333336
556,-1.1600000000000001,-0.29000000000000004
557,-2.24,-0.32
558,-0.639,-0.1278
559,-1.47,-0.21
560,-0.9490000000000001,-0.15816666666666668
561,2.428,0.4046666666666667
562,1.18,0.19666666666666666
563,1.187,0.19783333333333333
564,1.2670000000000001,0.18100000000000002
565,-1.0590000000000002,-0.1512857142857143
566,-1.15,-0.16428571428571428
567,1.157,0.28925
568,0.627,0.1254
569,-1.6179999999999999,-0.26966666666666667
570,-0.682,-0.09742857142857143
571,1.764,0.441
572,0.45100000000000007,0.06442857142857143
573,0.11499999999999995,0.02299999999999999
574,1.7180000000000002,0.3436
575,0.636,0.09085714285714286
576,0.08399999999999991,0.011999999999999986
577,-0.10500000000000001,-0.015000000000000001
578,-1.175,-0.23500000000000001
579,-0.811,-0.13516666666666668
580,0.09100000000000003,0.018200000000000004
581,-1.92,-0.384
582,-1.825,-0.30416666666666664
583,-1.319,-0.21983333333333333
584,-0.6739999999999999,-0.13479999999999998
585,-3.694,-0.6156666666666667
586,0.9600000000000001,0.13714285714285715
587,-2.104,-0.4208
588,-1.974,-0.282
589,-0.146,-0.048666666666666664
590,-0.383,-0.06383333333333334
591,-0.32899999999999996,-0.16449999999999998
592,0.35000000000000003,0.05833333333333334
593,0.344,0.057333333333333326
594,-1.979,-0.28271428571428575
595,1.391,0.1987142857142857
596,1.389,0.2315
597,-0.534,-0.1068
598,-0.648,-0.09257142857142857
599,-3.414,-0.5690000000000001
600,-1.8050000000000002,-0.30083333333333334
601,0.40900000000000003,0.06816666666666667
602,0.07600000000000012,0.010857142857142874
603,3.023,0.5038333333333334
604,-0.118,-0.016857142857142855
605,-1.388,-0.2313333333333333
606,-1.571,-0.22442857142857142
607,-0.617,-0.08814285714285715
608,-0.001999999999999974,-0.000333333333333329
609,2.034,0.33899999999999997
610,-0.9179999999999999,-0.153
611,-0.8819999999999999,-0.12599999999999997
612,-0.9660000000000001,-0.1932
613,1.0030000000000001,0.16716666666666669
614,-0.8490000000000001,-0.1698
615,1.189,0.19816666666666669
616,-0.631,-0.1262
617,1.227,0.2454
618,-1.089,-0.15557142857142855
619,0.44799999999999995,0.07466666666666666
620,1.822,0.2602857142857143
621,-0.7839999999999999,-0.11199999999999999
622,0.32899999999999996,0.0658
623,1.217,0.20283333333333334
624,0.09100000000000003,0.022750000000000006
625,0.43700000000000006,0.0874
626,-0.74,-0.10571428571428572
627,1.1270000000000002,0.22540000000000004
628,-0.5229999999999999,-0.08716666666666666
629,-0.8530000000000001,-0.12185714285714287
630,0.493,0.08216666666666667
631,1.495,0.21357142857142858
632,0.5630000000000001,0.14075000000000001
633,-2.322,-0.46440000000000003
634,-1.7,-0.33999999999999997
635,-0.349,-0.08725
636,-0.8659999999999999,-0.1443333333333333
637,0.736,0.12266666666666666
638,-0.4749999999999999,-0.06785714285714285
639,-1.574,-0.26233333333333336
640,-0.687,-0.09814285714285716
641,-0.22400000000000012,-0.03733333333333335
642,0.25599999999999995,0.06399999999999999
643,0.10099999999999995,0.016833333333333325
644,-0.3680000000000001,-0.06133333333333335
645,-0.05000000000000007,-0.008333333333333345
646,0.033000000000000085,0.005500000000000014
647,-0.165,-0.023571428571428573
648,-0.272,-0.04533333333333334
649,2.344,0.33485714285714285
650,0.47600000000000003,0.07933333333333334
651,1.483,0.21185714285714288
652,2.0180000000000002,0.40360000000000007
653,1.771,0.35419999999999996
654,-0.5189999999999999,-0.07414285714285714
655,1.1480000000000001,0.19133333333333336
656,1.422,0.237
657,-1.1360000000000001,-0.2272
658,-1.121,-0.18683333333333332
659,2.867,0.4095714285714286
660,-1.573,-0.2247142857142857
661,1.113,0.2226
662,0.774,0.129
663,-2.7319999999999998,-0.4553333333333333
664,-2.039,-0.2912857142857143
665,1.6989999999999998,0.2831666666666666
666,-2.962,-0.4936666666666667
667,0.4159999999999999,0.05942857142857142
668,1.9929999999999999,0.2847142857142857
669,-1.053,-0.21059999999999998
670,-0.01599999999999996,-0.0026666666666666596
671,0.118,0.019666666666666666
672,-3.592,-0.5131428571428571
673,0.29500000000000004,0.05900000000000001
674,2.3369999999999997,0.3338571428571428
675,0.12100000000000004,0.024200000000000006
676,1.121,0.2242
677,0.28400000000000003,0.04057142857142858
678,-0.839,-0.13983333333333334
679,-1.735,-0.24785714285714286
680,1.5790000000000002,0.2255714285714286
681,-1.299,-0.18557142857142855
682,-1.6520000000000001,-0.23600000000000002
683,0.05399999999999994,0.007714285714285706
684,0.911,0.13014285714285714
685,0.5239999999999999,0.10479999999999998
686,0.45299999999999996,0.0755
687,-3.725,-0.5321428571428571
688,-1.212,-0.17314285714285713
689,1.316,0.21933333333333335
690,0.19199999999999995,0.031999999999999994
691,0.5479999999999999,0.09133333333333332
692,2.162,0.4324
693,1.76,0.29333333333333333
694,2.765,0.4608333333333334
695,-1.465,-0.24416666666666667
696,1.1909999999999998,0.23819999999999997
697,-0.008999999999999939,-0.0014999999999999898
698,0.252,0.042
699,1.274,0.182
700,-0.17699999999999994,-0.025285714285714276
701,-0.09400000000000008,-0.018800000000000018
702,0.08200000000000002,0.013666666666666669
703,-2.0740000000000003,-0.2962857142857143
704,1.256,0.2512
705,-0.294,-0.048999999999999995
706,-1.1680000000000001,-0.19466666666666668
707,-1.3920000000000001,-0.232
708,-0.6859999999999999,-0.11433333333333333
709,0.07500000000000001,0.010714285714285716
710,-0.805,-0.115
711,-0.06699999999999998,-0.009571428571428568
712,-0.30599999999999994,-0.05099999999999999
713,-1.398,-0.23299999999999998
714,-1.799,-0.29983333333333334
715,0.284,0.04057142857142857
716,-0.704,-0.14079999999999998
717,1.79,0.2557142857142857
718,-0.6390000000000001,-0.0912857142857143
719,0.591,0.08442857142857142
720,1.403,0.23383333333333334
721,1.65,0.32999999999999996
722,0.5660000000000001,0.08085714285714286
723,0.23300000000000004,0.033285714285714293
724,0.043000000000000024,0.008600000000000005
725,0.47400000000000003,0.079
726,0.24199999999999988,0.04033333333333331
727,0.29399999999999993,0.058799999999999984
728,-0.481,-0.08016666666666666
729,-0.41900000000000004,-0.059857142857142866
730,0.484,0.0968
731,-1.5470000000000002,-0.25783333333333336
732,0.669,0.1115
733,1.53,0.255
734,-1.683,-0.2805
735,1.715,0.24500000000000002
736,-1.421,-0.23683333333333334
737,2.299,0.38316666666666666
738,-1.082,-0.15457142857142858
739,0.301,0.0602
740,-0.59,-0.08428571428571428
741,0.214,0.0428
742,-1.551,-0.3102
743,1.272,0.212
744,-2.589,-0.4315
745,0.455,0.091
746,5.164,0.7377142857142857
747,-0.5750000000000001,-0.09583333333333334
748,-1.141,-0.22820000000000001
749,-1.573,-0.26216666666666666
750,1.002,0.14314285714285716
751,-0.443,-0.0886
752,-1.187,-0.16957142857142857
753,0.17,0.0425
754,2.575,0.515
755,0.785,0.157
756,-2.4579999999999997,-0.3511428571428571
757,0.31899999999999995,0.04557142857142856
758,-1.921,-0.32016666666666665
759,1.239,0.17700000000000002
760,-0.38499999999999995,-0.06416666666666666
761,-0.784,-0.13066666666666668
762,0.08200000000000011,0.013666666666666686
763,-0.472,-0.0944
764,-0.5720000000000001,-0.11440000000000002
765,1.375,0.19642857142857142
766,0.894,0.149
767,0.8170000000000001,0.11671428571428573
768,-0.18500000000000003,-0.037000000000000005
769,-0.6539999999999999,-0.10899999999999999
770,0.25499999999999995,0.05099999999999999
771,1.697,0.33940000000000003
772,1.334,0.26680000000000004
773,-1.661,-0.3322
774,1.164,0.19399999999999998
775,-0.603,-0.10049999999999999
776,1.4200000000000002,0.2366666666666667
777,4.2219999999999995,0.7036666666666666
778,-0.03400000000000003,-0.005666666666666671
779,0.8350000000000001,0.1391666666666667
780,0.49,0.08166666666666667
781,-3.173,-0.4532857142857143
782,-1.022,-0.146
783,3.429,0.5715
784,-1.093,-0.2186
785,-0.522,-0.07457142857142858
786,0.16299999999999992,0.027166666666666655
787,-1.0450000000000002,-0.20900000000000002
788,-0.6540000000000001,-0.13080000000000003
789,-2.5340000000000003,-0.36200000000000004
790,-0.735,-0.147
791,-0.8420000000000001,-0.14033333333333334
792,2.229,0.31842857142857145
793,-2.267,-0.32385714285714284
794,-0.519,-0.12975
795,0.23800000000000002,0.0476
796,-0.716,-0.11933333333333333
797,1.474,0.2948
798,1.139,0.16271428571428573
799,-0.131,-0.021833333333333333
800,1.0910000000000002,0.18183333333333337
801,2.777,0.39671428571428574
802,-2.19,-0.31285714285714283
803,0.17400000000000002,0.029
804,-1.956,-0.326
805,0.2849999999999999,0.04749999999999999
806,-0.5799999999999998,-0.14499999999999996
807,-0.304,-0.04342857142857143
808,-2.217,-0.3695
809,1.9309999999999998,0.27585714285714286
810,-1.451,-0.2902
811,0.593,0.08471428571428571
812,0.271,0.038714285714285715
813,-1.774,-0.2956666666666667
814,-1.413,-0.2826
815,1.355,0.22583333333333333
816,-1.093,-0.2186
817,-0.21500000000000008,-0.04300000000000002
818,-1.869,-0.3115
819,2.092,0.2988571428571429
820,-0.253,-0.06325
821,-1.5270000000000001,-0.21814285714285717
822,0.142,0.028399999999999998
823,-2.1599999999999997,-0.35999999999999993
824,0.9570000000000002,0.19140000000000004
825,0.10600000000000004,0.015142857142857149
826,-1.4909999999999999,-0.37274999999999997
827,1.384,0.23066666666666666
828,-2.116,-0.3526666666666667
829,0.552,0.09200000000000001
830,2.243,0.56075
831,-1.567,-0.22385714285714284
832,0.898,0.14966666666666667
833,0.9900000000000001,0.198
834,0.6669999999999999,0.1334
835,0.352,0.058666666666666666
836,1.041,0.26025
837,0.18800000000000006,0.03760000000000001
838,-1.734,-0.24771428571428572
839,-1.408,-0.20114285714285712
840,1.019,0.1698333333333333
841,2.008,0.4016
842,0.17399999999999993,0.028999999999999988
843,-2.2030000000000003,-0.7343333333333334
844,-2.281,-0.57025
845,-0.714,-0.102
846,0.7330000000000001,0.12216666666666669
847,-0.42400000000000004,-0.060571428571428575
848,-1.984,-0.33066666666666666
849,1.2859999999999998,0.2143333333333333
850,1.881,0.3762
851,1.9329999999999998,0.38659999999999994
852,0.31199999999999994,0.05199999999999999
853,-0.577,-0.09616666666666666
854,-0.55,-0.09166666666666667
855,1.836,0.306
856,1.119,0.1865
857,0.5379999999999999,0.08966666666666666
858,-1.2530000000000001,-0.17900000000000002
859,-1.4979999999999998,-0.24966666666666662
860,-8.326672684688674e-17,-1.6653345369377347e-17
861,-0.583,-0.08328571428571428
862,-1.781,-0.29683333333333334
863,-0.21999999999999992,-0.043999999999999984
864,0.7789999999999999,0.19474999999999998
865,-0.46999999999999986,-0.09399999999999997
866,-1.28,-0.21333333333333335
867,-1.4,-0.2333333333333333
868,-1.2970000000000002,-0.2161666666666667
869,0.888,0.1776
870,-1.4440000000000002,-0.2406666666666667
871,-3.412,-0.48742857142857143
872,-1.415,-0.23583333333333334
873,1.258,0.20966666666666667
874,1.432,0.23866666666666667
875,0.875,0.175
876,-2.583,-0.36900000000000005
877,-0.46699999999999997,-0.07783333333333332
878,1.3559999999999999,0.1937142857142857
879,1.952,0.27885714285714286
880,0.396,0.0792
881,-0.2630000000000001,-0.05260000000000002
882,0.916,0.13085714285714287
883,-1.509,-0.30179999999999996
884,-0.4179999999999999,-0.10449999999999998
885,-1.053,-0.21059999999999998
886,-1.939,-0.32316666666666666
887,-0.05000000000000003,-0.008333333333333338
888,0.886,0.14766666666666667
889,2.136,0.30514285714285716
890,-1.254,-0.3135
891,-0.375,-0.09375
892,1.5939999999999999,0.2277142857142857
893,-0.32999999999999996,-0.04714285714285714
894,-0.671,-0.09585714285714286
895,1.063,0.21259999999999998
896,0.32200000000000006,0.08050000000000002
897,0.956,0.13657142857142857
898,1.139,0.16271428571428573
899,1.753,0.35059999999999997
900,2.231,0.31871428571428567
901,-0.15099999999999997,-0.021571428571428568
902,-1.778,-0.29633333333333334
903,0.13200000000000006,0.018857142857142867
904,-0.057999999999999996,-0.014499999999999999
905,-1.638,-0.4095
906,0.35699999999999993,0.05949999999999999
907,-2.567,-0.42783333333333334
908,0.052000000000000046,0.01040000000000001
909,-0.15599999999999997,-0.025999999999999995
910,1.5439999999999998,0.22057142857142856
911,1.677,0.33540000000000003
912,1.153,0.19216666666666668
913,2.568,0.5136000000000001
914,-2.066,-0.2951428571428571
915,-3.318,-0.47400000000000003
916,-0.967,-0.1934
917,-1.523,-0.3046
918,0.927,0.1545
919,-1.2269999999999999,-0.17528571428571427
920,-1.661,-0.2372857142857143
921,0.73,0.1825
922,0.39299999999999996,0.06549999999999999
923,0.495,0.07071428571428572
924,1.0210000000000001,0.20420000000000002
925,1.328,0.332
926,1.2950000000000002,0.18500000000000003
927,0.306,0.0612
928,-1.133,-0.18883333333333333
929,1.137,0.16242857142857142
930,-1.691,-0.2818333333333333
931,-0.694,-0.09914285714285713
932,2.147,0.42939999999999995
933,0.6809999999999999,0.1362
934,-1.979,-0.28271428571428575
935,0.2010000000000001,0.04020000000000002
936,-0.23800000000000004,-0.03400000000000001
937,-0.03299999999999992,-0.004714285714285703
938,-0.02500000000000005,-0.004166666666666675
939,-0.59,-0.09833333333333333
940,-2.499,-0.4998
941,-1.576,-0.31520000000000004
942,-1.212,-0.2424
943,-0.02000000000000003,-0.0028571428571428615
944,-1.016,-0.2032
945,0.657,0.09385714285714286
946,0.896,0.14933333333333335
947,-0.647,-0.09242857142857143
948,-1.435,-0.20500000000000002
949,-0.259,-0.043166666666666666
950,0.454,0.0908
951,0.35100000000000003,0.0585
952,0.15499999999999992,0.030999999999999982
953,0.859,0.14316666666666666
954,1.1400000000000001,0.19000000000000003
955,0.508,0.08466666666666667
956,1.065,0.1775
957,-0.6200000000000001,-0.10333333333333335
958,0.9590000000000001,0.15983333333333336
959,-0.9430000000000001,-0.13471428571428573
960,-0.023999999999999994,-0.003999999999999999
961,0.26400000000000007,0.052800000000000014
962,0.696,0.11599999999999999
963,-1.382,-0.2303333333333333
964,-0.29400000000000004,-0.04900000000000001
965,-2.221,-0.3172857142857143
966,-2.251,-0.37516666666666665
967,1.599,0.39975
968,-0.506,-0.08433333333333333
969,-0.929,-0.18580000000000002
970,0.337,0.08425
971,1.3379999999999999,0.19114285714285711
972,-1.757,-0.3514
973,0.03800000000000006,0.006333333333333344
974,1.98,0.28285714285714286
975,-0.09200000000000003,-0.023000000000000007
976,-0.504,-0.072
977,-0.3700000000000001,-0.05285714285714287
978,-1.378,-0.22966666666666666
979,-1.922,-0.38439999999999996
980,2.2110000000000003,0.3158571428571429
981,2.469,0.49379999999999996
982,0.524,0.07485714285714286
983,2.321,0.46420000000000006
984,-0.925,-0.13214285714285715
985,-0.688,-0.11466666666666665
986,1.887,0.3145
987,-2.428,-0.34685714285714286
988,0.23599999999999988,0.0337142857142857
989,-0.9719999999999999,-0.16199999999999998
990,-2.876,-0.41085714285714287
991,-1.011,-0.2022
992,-0.31400000000000006,-0.06280000000000001
993,-0.47500000000000003,-0.11875000000000001
994,1.472,0.21028571428571427
995,1.051,0.15014285714285713
996,-0.478,-0.09559999999999999
997,2.198,0.5495
998,-3.118,-0.6235999999999999
999,0.017000000000000043,0.0028333333333333405
1000,0.139,0.019857142857142858
1001,-2.617,-0.43616666666666665
1002,-1.4009999999999998,-0.23349999999999996
1003,-1.109,-0.15842857142857142
1004,1.12,0.28
1005,-2.595,-0.3707142857142857
1006,0.8360000000000001,0.16720000000000002
1007,0.23100000000000004,0.046200000000000005
1008,-0.77,-0.12833333333333333
1009,0.37299999999999994,0.062166666666666655
1010,-1.586,-0.26433333333333336
1011,-1.401,-0.2802
1012,-1.198,-0.23959999999999998
1013,0.967,0.16116666666666665
1014,0.764,0.12733333333333333
1015,-0.23500000000000001,-0.047
1016,0.602,0.1204
1017,0.42600000000000005,0.06085714285714287
1018,-1.952,-0.39039999999999997
1019,-0.027000000000000093,-0.0038571428571428706
1020,0.781,0.11157142857142857
1021,-0.7949999999999999,-0.19874999999999998
1022,0.8,0.1142857142857143
1023,0.998,0.16633333333333333
1024,-1.5690000000000002,-0.22414285714285717
1025,1.869,0.3115
1026,0.010999999999999982,0.0018333333333333303
1027,-0.14300000000000004,-0.023833333333333342
1028,0.9349999999999999,0.187
1029,0.20700000000000002,0.029571428571428575
1030,-1.233,-0.20550000000000002
1031,0.259,0.043166666666666666
1032,-2.522,-0.4203333333333333
1033,0.07699999999999999,0.01283333333333333
1034,-1.065,-0.15214285714285714
1035,1.621,0.23157142857142857
1036,0.2779999999999999,0.0397142857142857
1037,-0.6,-0.09999999999999999
1038,0.3789999999999999,0.07579999999999998
1039,-0.26600000000000007,-0.05320000000000001
1040,1.2570000000000001,0.20950000000000002
1041,-0.32000000000000006,-0.06400000000000002
1042,-3.775,-0.5392857142857143
1043,0.605,0.10083333333333333
1044,-0.2230000000000001,-0.044600000000000015
1045,1.5190000000000001,0.21700000000000003
1046,0.49299999999999994,0.07042857142857142
1047,-1.36,-0.22666666666666668
1048,-2.743,-0.45716666666666667
1049,1.1329999999999998,0.1888333333333333
1050,0.03799999999999995,0.0075999999999999904
1051,0.9460000000000001,0.1892
1052,0.977,0.16283333333333333
1053,-0.2960000000000001,-0.059200000000000016
1054,0.09899999999999999,0.014142857142857141
1055,0.03799999999999994,0.00542857142857142
1056,-0.7469999999999999,-0.10671428571428569
1057,2.6,0.43333333333333335
1058,0.31200000000000006,0.05200000000000001
1059,-2.179,-0.36316666666666664
1060,-0.2250000000000001,-0.04500000000000002
1061,-1.708,-0.427
1062,-3.271,-0.6542
1063,-1.095,-0.1825
1064,-1.446,-0.241
1065,0.667,0.11116666666666668
1066,1.524,0.3048
1067,-0.15399999999999997,-0.030799999999999994
1068,1.973,0.28185714285714286
1069,-2.26,-0.32285714285714284
1070,0.659,0.10983333333333334
1071,0.01699999999999996,0.0028333333333333266
1072,-0.012000000000000052,-0.0017142857142857218
1073,-1.637,-0.2728333333333333
1074,1.758,0.25114285714285717
1075,-0.18600000000000005,-0.02657142857142858
1076,2.922,0.48700000000000004
1077,0.338,0.05633333333333334
1078,1.853,0.3706
1079,1.4689999999999999,0.24483333333333332
1080,-1.551,-0.22157142857142856
1081,-0.661,-0.09442857142857143
1082,1.6019999999999999,0.26699999999999996
1083,-3.125,-0.625
1084,-1.7189999999999999,-0.3438
1085,2.436,0.48719999999999997
1086,-1.299,-0.18557142857142855
1087,0.438,0.06257142857142857
1088,-0.1650000000000001,-0.027500000000000014
1089,-1.409,-0.2012857142857143
1090,4.184,0.5977142857142858
1091,-0.49,-0.098
1092,1.019,0.1698333333333333
1093,-0.031000000000000014,-0.005166666666666669
1094,-0.41500000000000004,-0.10375000000000001
1095,-0.72,-0.12
1096,-1.011,-0.1444285714285714
1097,3.435,0.4907142857142857
1098,-2.703,-0.45049999999999996
1099,-1.411,-0.2822
1100,0.42800000000000005,0.08560000000000001
1101,1.732,0.3464
1102,-0.03799999999999992,-0.007599999999999984
1103,0.678,0.113
1104,-1.1,-0.18333333333333335
1105,-2.4,-0.39999999999999997
1106,-1.909,-0.27271428571428574
1107,3.085,0.4407142857142857
1108,-1.2309999999999999,-0.20516666666666664
1109,-2.089,-0.29842857142857143
1110,1.55,0.31
1111,1.8159999999999998,0.2594285714285714
1112,0.4769999999999999,0.06814285714285713
1113,-0.271,-0.04516666666666667
1114,2.472,0.35314285714285715
1115,-0.23299999999999998,-0.03883333333333333
1116,2.294,0.38233333333333336
1117,-1.2690000000000001,-0.21150000000000002
1118,-1.178,-0.19633333333333333
1119,-1.342,-0.44733333333333336
1120,-0.467,-0.09340000000000001
1121,0.418,0.06966666666666667
1122,1.999,0.2855714285714286
1123,0.2770000000000001,0.05540000000000002
1124,1.1480000000000001,0.164
1125,1.676,0.2394285714285714
1126,-1.454,-0.2908
1127,-1.2109999999999999,-0.2018333333333333
1128,2.295,0.57375
1129,0.508,0.127
1130,0.7939999999999999,0.11342857142857142
1131,0.406,0.06766666666666667
1132,-2.082,-0.29742857142857143
1133,-0.901,-0.15016666666666667
1134,0.602,0.1204
1135,0.39299999999999996,0.06549999999999999
1136,-0.748,-0.10685714285714286
1137,-1.979,-0.32983333333333337
1138,0.752,0.188
1139,-0.41900000000000004,-0.059857142857142866
1140,1.085,0.155
1141,0.1579999999999999,0.022571428571428555
1142,-0.887,-0.12671428571428572
1143,-2.25,-0.32142857142857145
1144,1.5070000000000001,0.3014
1145,-1.496,-0.2992
1146,-2.4010000000000002,-0.343
1147,-0.4549999999999999,-0.09099999999999998
1148,-0.9349999999999999,-0.13357142857142856
1149,0.12000000000000001,0.017142857142857144
1150,-0.6180000000000001,-0.10300000000000002
1151,0.13499999999999998,0.022499999999999996
1152,0.5800000000000001,0.08285714285714287
1153,0.358,0.0895
1154,-1.2770000000000001,-0.2554
1155,-2.342,-0.3345714285714286
1156,0.7350000000000001,0.10500000000000001
1157,-0.94,-0.13428571428571429
1158,1.091,0.2182
1159,-1.103,-0.2206
1160,-2.297,-0.45940000000000003
1161,1.258,0.2516
1162,-0.012999999999999928,-0.002166666666666655
1163,0.14100000000000001,0.020142857142857146
1164,-1.3739999999999999,-0.22899999999999998
1165,-0.7270000000000001,-0.10385714285714287
1166,0.41700000000000004,0.059571428571428574
1167,-1.212,-0.20199999999999999
1168,1.776,0.296
1169,-0.16500000000000004,-0.04125000000000001
1170,-0.29399999999999993,-0.04199999999999999
1171,-0.583,-0.09716666666666667
1172,-1.393,-0.23216666666666666
1173,0.5880000000000001,0.084
1174,1.205,0.30125
1175,0.35999999999999993,0.05999999999999999
1176,0.7729999999999999,0.19324999999999998
1177,1.342,0.19171428571428573
1178,-1.315,-0.263
1179,0.018000000000000044,0.002571428571428578
1180,-0.7109999999999999,-0.11849999999999998
1181,-2.315,-0.3858333333333333
1182,0.863,0.14383333333333334
1183,0.9440000000000002,0.13485714285714287
1184,-3.682,-0.526
1185,0.68,0.09714285714285716
1186,1.279,0.25579999999999997
1187,-0.08100000000000004,-0.013500000000000007
1188,-1.222,-0.2444
1189,1.0750000000000002,0.1535714285714286
1190,1.598,0.2282857142857143
1191,-0.04400000000000004,-0.00733333333333334
1192,2.806,0.40085714285714286
1193,1.081,0.15442857142857142
1194,-0.788,-0.13133333333333333
1195,1.1059999999999999,0.15799999999999997
1196,-0.037999999999999985,-0.006333333333333331
1197,2.8850000000000002,0.4121428571428572
1198,-2.365,-0.3378571428571429
1199,-1.478,-0.3695
1200,-0.727,-0.10385714285714286
1201,-0.626,-0.08942857142857143
1202,2.295,0.32785714285714285
1203,-0.63,-0.09
1204,-0.43099999999999994,-0.06157142857142856
1205,1.947,0.48675
1206,1.2109999999999999,0.2018333333333333
1207,0.07500000000000001,0.012500000000000002
1208,-0.877,-0.14616666666666667
1209,1.002,0.14314285714285716
1210,-2.102,-0.35033333333333333
1211,1.6709999999999998,0.23871428571428568
1212,-0.549,-0.09150000000000001
1213,-1.066,-0.17766666666666667
1214,-0.818,-0.13633333333333333
1215,0.82,0.205
1216,-0.272,-0.03885714285714286
1217,-1.065,-0.15214285714285714
1218,0.00799999999999998,0.0013333333333333298
1219,-1.941,-0.3235
1220,-0.22300000000000014,-0.04460000000000003
1221,2.096,0.29942857142857143
1222,2.31,0.33
1223,-0.697,-0.1394
1224,-0.01200000000000007,-0.002400000000000014
1225,-1.27,-0.21166666666666667
1226,0.7329999999999999,0.14659999999999998
1227,0.731,0.10442857142857143
1228,-0.15100000000000008,-0.030200000000000015
1229,0.005000000000000088,0.001250000000000022
1230,-0.7679999999999999,-0.12799999999999997
1231,0.539,0.077
1232,-0.8859999999999999,-0.17719999999999997
1233,-2.887,-0.4811666666666667
1234,-0.37900000000000006,-0.0758
1235,-1.929,-0.3215
1236,-0.668,-0.11133333333333334
1237,0.08199999999999996,0.02049999999999999
1238,-0.5109999999999999,-0.07299999999999998
1239,-0.5720000000000001,-0.09533333333333334
1240,-0.7500000000000001,-0.10714285714285716
1241,0.07700000000000008,0.012833333333333348
1242,-1.357,-0.2714
1243,0.9179999999999999,0.18359999999999999
1244,-1.365,-0.2275
1245,-2.347,-0.3352857142857143
1246,-0.34800000000000003,-0.04971428571428572
1247,1.17,0.2925
1248,-2.674,-0.382
1249,1.135,0.16214285714285714
1250,-1.8439999999999999,-0.36879999999999996
1251,-0.24100000000000005,-0.04016666666666668
1252,1.37,0.22833333333333336
1253,0.013999999999999901,0.0034999999999999754
1254,0.19399999999999995,0.032333333333333325
1255,0.8049999999999999,0.13416666666666666
1256,1.0659999999999998,0.17766666666666664
1257,0.818,0.11685714285714285
1258,0.18799999999999997,0.026857142857142854
1259,1.7280000000000002,0.43200000000000005
1260,-1.435,-0.20500000000000002
1261,3.682,0.7363999999999999
1262,0.285,0.04071428571428571
1263,0.5009999999999999,0.08349999999999998
1264,0.46900000000000003,0.09380000000000001
1265,0.2819999999999999,0.09399999999999997
1266,-0.312,-0.052
1267,-1.8150000000000002,-0.30250000000000005
1268,0.693,0.11549999999999999
1269,-0.15699999999999997,-0.022428571428571426
1270,1.565,0.2608333333333333
1271,0.25999999999999995,0.04333333333333333
1272,1.787,0.29783333333333334
1273,-1.274,-0.4246666666666667
1274,0.651,0.093
1275,0.732,0.122
1276,-1.879,-0.31316666666666665
1277,-0.8280000000000001,-0.1182857142857143
1278,-0.017000000000000008,-0.002833333333333335
1279,-0.7899999999999999,-0.11285714285714285
1280,0.43100000000000005,0.061571428571428576
1281,-1.244,-0.20733333333333334
1282,-1.5270000000000001,-0.3054
1283,-1.502,-0.3004
1284,-0.44799999999999995,-0.07466666666666666
1285,-3.706,-0.5294285714285715
1286,0.848,0.14133333333333334
1287,1.018,0.16966666666666666
1288,2.574,0.3677142857142857
1289,-0.9990000000000001,-0.1665
1290,-1.289,-0.2578
1291,-1.0130000000000001,-0.16883333333333336
1292,-1.109,-0.18483333333333332
1293,0.369,0.052714285714285714
1294,0.44899999999999995,0.06414285714285714
1295,1.288,0.21466666666666667
1296,-0.15200000000000002,-0.021714285714285717
1297,-0.507,-0.0845
1298,-0.538,-0.08966666666666667
1299,0.927,0.1854
1300,-0.867,-0.12385714285714286
1301,-0.14900000000000008,-0.024833333333333346
1302,0.10800000000000004,0.018000000000000006
1303,-3.497,-0.49957142857142856
1304,-0.536,-0.08933333333333333
1305,1.1560000000000001,0.23120000000000002
1306,1.936,0.32266666666666666
1307,1.763,0.35259999999999997
1308,-1.92,-0.2742857142857143
1309,-2.085,-0.3475
1310,1.0,0.2
1311,3.116,0.4451428571428572
1312,-2.367,-0.4734
1313,-1.016,-0.14514285714285716
1314,-0.576,-0.144
1315,0.04100000000000002,0.006833333333333337
1316,-2.1109999999999998,-0.3518333333333333
1317,-1.846,-0.26371428571428573
1318,-0.007999999999999993,-0.0013333333333333322
1319,-1.076,-0.15371428571428572
1320,-0.53,-0.07571428571428572
1321,-1.984,-0.3968
1322,1.121,0.18683333333333332
1323,-0.07900000000000001,-0.013166666666666669
1324,-1.1,-0.18333333333333335
1325,0.817,0.13616666666666666
1326,-3.629,-0.5184285714285715
1327,0.881,0.12585714285714286
1328,-0.737,-0.12283333333333334
1329,-0.025999999999999995,-0.004333333333333332
1330,0.16699999999999998,0.023857142857142855
1331,0.35699999999999993,0.05949999999999999
1332,-1.5250000000000001,-0.2178571428571429
1333,-1.8769999999999998,-0.3128333333333333
1334,-0.8140000000000001,-0.1628
1335,0.9249999999999999,0.185
1336,-0.202,-0.06733333333333334
1337,1.88,0.376
1338,-1.061,-0.17683333333333331
1339,-0.3520000000000001,-0.07040000000000002
1340,0.6280000000000001,0.10466666666666669
1341,0.46399999999999997,0.06628571428571428
1342,-1.4380000000000002,-0.20542857142857146
1343,-2.561,-0.42683333333333334
1344,-1.331,-0.19014285714285714
1345,2.0469999999999997,0.40939999999999993
1346,-0.20900000000000002,-0.034833333333333334
1347,0.4600000000000002,0.0766666666666667
1348,0.716,0.11933333333333333
1349,-0.13099999999999995,-0.021833333333333326
1350,0.84,0.12
1351,1.111,0.18516666666666667
1352,-0.6590000000000001,-0.09414285714285717
1353,-0.5080000000000001,-0.10160000000000002
1354,0.753,0.1255
1355,1.936,0.3872
1356,1.084,0.21680000000000002
1357,1.6889999999999998,0.3378
1358,1.474,0.24566666666666667
1359,1.0979999999999999,0.21959999999999996
1360,0.721,0.1442
1361,-2.641,-0.5282
1362,2.231,0.3718333333333333
1363,-0.34600000000000003,-0.05766666666666667
1364,3.271,0.5451666666666667
1365,-0.07000000000000006,-0.011666666666666678
1366,-0.3670000000000001,-0.05242857142857144
1367,-0.41999999999999993,-0.10499999999999998
1368,2.289,0.327
1369,-2.534,-0.362
1370,0.395,0.05642857142857143
1371,-2.098,-0.4196
1372,-0.22799999999999998,-0.056999999999999995
1373,0.933,0.1555
1374,1.46,0.24333333333333332
1375,-0.77,-0.11
1376,0.813,0.13549999999999998
1377,0.06099999999999989,0.015249999999999972
1378,1.195,0.23900000000000002
1379,2.226,0.371
1380,-0.18300000000000013,-0.026142857142857162
1381,-2.33,-0.38833333333333336
1382,1.04,0.26
1383,1.418,0.2363333333333333
1384,1.0899999999999999,0.27249999999999996
1385,-0.46699999999999997,-0.0934
1386,-0.366,-0.0732
1387,0.502,0.08366666666666667
1388,-1.9829999999999999,-0.39659999999999995
1389,0.2819999999999999,0.04028571428571427
1390,2.965,0.49416666666666664
1391,1.682,0.2803333333333333
1392,1.569,0.31379999999999997
1393,0.6080000000000001,0.12160000000000001
1394,2.074,0.3456666666666666
1395,-0.43300000000000016,-0.06185714285714288
1396,1.1030000000000002,0.18383333333333338
1397,-2.544,-0.424
1398,1.898,0.27114285714285713
1399,-0.197,-0.039400000000000004
1400,-2.616,-0.3737142857142857
1401,1.6989999999999998,0.2427142857142857
1402,1.87,0.4675
1403,-1.19,-0.16999999999999998
1404,-0.966,-0.161
1405,-1.167,-0.29175
1406,1.852,0.26457142857142857
1407,0.885,0.22125
1408,2.855,0.47583333333333333
1409,-3.86,-0.5514285714285714
1410,-1.545,-0.38625
1411,2.277,0.56925
1412,1.6019999999999999,0.22885714285714284
1413,0.41500000000000004,0.083
1414,1.298,0.2596
1415,-1.778,-0.3556
1416,-0.5469999999999999,-0.07814285714285714
1417,-1.807,-0.30116666666666664
1418,1.4,0.19999999999999998
1419,0.703,0.11716666666666666
1420,-2.431,-0.3472857142857143
1421,0.356,0.05933333333333333
1422,1.013,0.1688333333333333
1423,0.45399999999999996,0.11349999999999999
1424,0.364,0.052
1425,-2.75,-0.4583333333333333
1426,2.121,0.3535
1427,1.4849999999999999,0.297
1428,-1.8339999999999999,-0.26199999999999996
1429,-1.296,-0.216
1430,-1.436,-0.2872
1431,0.061999999999999944,0.010333333333333325
1432,1.076,0.2152
1433,0.5230000000000001,0.08716666666666668
1434,-1.661,-0.3322
1435,-0.6899999999999998,-0.11499999999999998
1436,-1.7080000000000002,-0.2846666666666667
1437,-0.21300000000000002,-0.042600000000000006
1438,-1.8390000000000002,-0.26271428571428573
1439,-1.7329999999999999,-0.28883333333333333
1440,2.375,0.3958333333333333
1441,0.369,0.0615
1442,-1.399,-0.2798
1443,0.9340000000000002,0.13342857142857145
1444,-0.766,-0.10942857142857143
1445,0.12899999999999995,0.02579999999999999
1446,-2.573,-0.5146
1447,0.7949999999999999,0.15899999999999997
1448,-0.614,-0.08771428571428572
1449,-1.6280000000000001,-0.27133333333333337
1450,1.548,0.3096
1451,3.15,0.63
1452,1.3490000000000002,0.19271428571428575
1453,-2.675,-0.5349999999999999
1454,-1.144,-0.19066666666666665
1455,2.149,0.3581666666666667
1456,-0.9509999999999998,-0.19019999999999998
1457,-0.0010000000000000009,-0.0002500000000000002
1458,3.336,0.6672
1459,-0.899,-0.17980000000000002
1460,-2.507,-0.62675
1461,1.1669999999999998,0.16671428571428568
1462,2.176,0.3108571428571429
1463,0.3489999999999999,0.05816666666666665
1464,1.361,0.19442857142857142
1465,0.8500000000000001,0.1416666666666667
1466,0.18600000000000005,0.03720000000000001
1467,1.502,0.21457142857142858
1468,0.6960000000000001,0.116
1469,-0.37,-0.05285714285714286
1470,-1.254,-0.2508
1471,-0.006999999999999992,-0.000999999999999999
1472,-0.018000000000000016,-0.0030000000000000027
1473,-0.88,-0.176
1474,2.497,0.3567142857142857
1475,-0.5650000000000001,-0.11300000000000002
1476,0.629,0.10483333333333333
1477,0.907,0.15116666666666667
1478,0.6229999999999999,0.08899999999999998
1479,1.852,0.3086666666666667
1480,3.084,0.514
1481,0.8140000000000001,0.13566666666666669
1482,-0.921,-0.307
1483,0.678,0.1356
1484,0.622,0.08885714285714286
1485,1.6390000000000002,0.23414285714285718
1486,-1.782,-0.297
1487,0.1110000000000001,0.01585714285714287
1488,-1.359,-0.2265
1489,-4.124,-0.5891428571428571
1490,-0.16799999999999984,-0.023999999999999976
1491,-0.14200000000000002,-0.02366666666666667
1492,-0.395,-0.05642857142857143
1493,-1.1239999999999999,-0.18733333333333332
1494,-0.15100000000000005,-0.021571428571428578
1495,0.597,0.09949999999999999
1496,0.916,0.15266666666666667
1497,0.30800000000000005,0.044000000000000004
1498,2.215,0.3164285714285714
1499,0.54,0.09000000000000001
1500,-1.301,-0.18585714285714286
1501,-0.0429999999999999,-0.00716666666666665
1502,1.984,0.2834285714285714
1503,-0.839,-0.13983333333333334
1504,-1.1159999999999999,-0.15942857142857142
1505,0.849,0.12128571428571429
1506,-0.12399999999999994,-0.017714285714285707
1507,0.634,0.09057142857142857
1508,-1.66,-0.23714285714285713
1509,-1.458,-0.243
1510,0.08399999999999999,0.013999999999999999
1511,1.988,0.3313333333333333
1512,-0.706,-0.11766666666666666
1513,-0.641,-0.09157142857142857
1514,0.8879999999999999,0.148
1515,-1.102,-0.18366666666666667
1516,0.457,0.07616666666666667
1517,1.188,0.19799999999999998
1518,-1.747,-0.24957142857142858
1519,0.2919999999999999,0.04866666666666666
1520,-1.923,-0.3846
1521,0.89,0.12714285714285714
1522,1.6340000000000001,0.23342857142857146
1523,-0.5469999999999999,-0.13674999999999998
1524,-0.907,-0.15116666666666667
1525,0.13600000000000007,0.02266666666666668
1526,2.103,0.35050000000000003
1527,-1.328,-0.22133333333333335
1528,-0.5650000000000001,-0.09416666666666668
1529,1.457,0.2914
1530,1.629,0.2715
1531,-1.17,-0.19499999999999998
1532,0.883,0.1766
1533,-0.878,-0.12542857142857142
1534,-0.254,-0.0635
1535,0.45500000000000007,0.09100000000000001
1536,-0.683,-0.11383333333333334
1537,-2.227,-0.37116666666666664
1538,0.597,0.11939999999999999
1539,1.11,0.2775
1540,1.604,0.32080000000000003
1541,0.911,0.15183333333333335
1542,-1.1159999999999999,-0.15942857142857142
1543,0.791,0.13183333333333333
1544,-1.287,-0.2145
1545,0.5150000000000001,0.08583333333333336
1546,0.11400000000000009,0.019000000000000013
1547,0.42300000000000004,0.060428571428571436
1548,-4.027,-0.5752857142857143
1549,-1.299,-0.2598
1550,0.05399999999999999,0.009
1551,1.523,0.2538333333333333
1552,0.714,0.14279999999999998
1553,1.584,0.264
1554,-0.5089999999999999,-0.0727142857142857
1555,1.809,0.3015
1556,-0.36200000000000004,-0.06033333333333334
1557,-2.097,-0.29957142857142854
1558,-1.8880000000000001,-0.37760000000000005
1559,1.157,0.19283333333333333
1560,0.7030000000000001,0.10042857142857144
1561,-0.46599999999999997,-0.09319999999999999
1562,-1.3379999999999999,-0.22299999999999998
1563,0.08399999999999994,0.011999999999999992
1564,-0.867,-0.1445
1565,0.935,0.1335714285714286
1566,1.189,0.19816666666666669
1567,-0.654,-0.1308
1568,-0.709,-0.10128571428571428
1569,-1.554,-0.222
1570,0.322,0.0805
1571,0.696,0.11599999999999999
1572,0.79,0.158
1573,0.397,0.06616666666666667
1574,-2.171,-0.3618333333333333
1575,-0.49500000000000005,-0.0825
1576,3.504,0.584
1577,-1.351,-0.2702
1578,-2.679,-0.44649999999999995
1579,0.9550000000000001,0.23875000000000002
1580,-0.303,-0.04328571428571428
1581,2.191,0.313
1582,-2.989,-0.427
1583,1.0979999999999999,0.21959999999999996
1584,-0.9770000000000001,-0.16283333333333336
1585,1.672,0.2786666666666667
1586,-0.04399999999999993,-0.008799999999999985
1587,1.164,0.23279999999999998
1588,-3.149,-0.5248333333333334
1589,-0.21400000000000005,-0.05350000000000001
1590,-1.0470000000000002,-0.20940000000000003
1591,-2.36,-0.472
1592,0.20500000000000007,0.03416666666666668
1593,-1.099,-0.157
1594,-1.801,-0.36019999999999996
1595,0.58,0.08285714285714285
1596,-1.238,-0.20633333333333334
1597,0.05399999999999999,0.013499999999999998
1598,-1.0030000000000001,-0.16716666666666669
1599,-0.14099999999999996,-0.028199999999999992
1600,-0.6930000000000001,-0.1155
1601,0.18300000000000005,0.03660000000000001
1602,0.735,0.105
1603,2.455,0.61375
1604,0.676,0.11266666666666668
1605,1.3230000000000002,0.26460000000000006
1606,1.559,0.2227142857142857
1607,-2.368,-0.33828571428571425
1608,-0.517,-0.07385714285714286
1609,-3.372,-0.843
1610,1.805,0.25785714285714284
1611,-2.771,-0.39585714285714285
1612,-1.5679999999999998,-0.22399999999999998
1613,0.2710000000000001,0.04516666666666668
1614,-0.5290000000000001,-0.08816666666666668
1615,1.262,0.1802857142857143
1616,-0.679,-0.11316666666666668
1617,-1.823,-0.45575
1618,-0.754,-0.12566666666666668
1619,-0.2859999999999999,-0.047666666666666656
1620,0.474,0.079
1621,1.288,0.21466666666666667
1622,0.698,0.09971428571428571
1623,0.4970000000000001,0.12425000000000003
1624,0.917,0.15283333333333335
1625,-0.495,-0.099
1626,0.893,0.14883333333333335
1627,0.61,0.10166666666666667
1628,-2.422,-0.4036666666666667
1629,1.393,0.199
1630,-0.873,-0.1455
1631,-0.28600000000000003,-0.04085714285714286
1632,-0.8280000000000002,-0.11828571428571431
1633,-0.858,-0.143
1634,1.212,0.17314285714285713
1635,-0.853,-0.12185714285714286
1636,0.649,0.1298
1637,0.13799999999999993,0.03449999999999998
1638,0.6499999999999999,0.09285714285714285
1639,-0.61,-0.10166666666666667
1640,1.865,0.31083333333333335
1641,-0.479,-0.07983333333333333
1642,-0.809,-0.1618
1643,-0.07199999999999998,-0.014399999999999996
1644,-0.369,-0.052714285714285714
1645,-1.749,-0.3498
1646,0.5040000000000001,0.10080000000000003
1647,-1.928,-0.3213333333333333
1648,-1.962,-0.2802857142857143
1649,1.4849999999999999,0.24749999999999997
1650,-0.7390000000000001,-0.12316666666666669
1651,-1.645,-0.23500000000000001
1652,2.274,0.32485714285714284
1653,0.011999999999999983,0.0023999999999999968
1654,-2.258,-0.37633333333333335
1655,0.26700000000000007,0.03814285714285715
1656,2.136,0.4272
1657,-1.674,-0.27899999999999997
1658,0.17599999999999996,0.029333333333333326
1659,-0.449,-0.07483333333333334
1660,2.028,0.338
1661,1.086,0.15514285714285717
1662,-2.424,-0.40399999999999997
1663,0.20199999999999996,0.04039999999999999
1664,1.481,0.2962
1665,-2.438,-0.4063333333333334
1666,-1.712,-0.24457142857142858
1667,0.44899999999999984,0.06414285714285713
1668,-0.744,-0.124
1669,2.859,0.4765
1670,-2.857,-0.4761666666666667
1671,0.07500000000000012,0.01250000000000002
1672,0.42900000000000005,0.07150000000000001
1673,-2.958,-0.49300000000000005
1674,-0.9500000000000001,-0.23750000000000002
1675,-0.281,-0.04014285714285715
1676,2.6750000000000003,0.44583333333333336
1677,-1.136,-0.18933333333333333
1678,0.1720000000000001,0.028666666666666684
1679,0.17100000000000004,0.028500000000000008
1680,0.523,0.08716666666666667
1681,1.544,0.3088
1682,-1.167,-0.16671428571428573
1683,-1.4409999999999998,-0.24016666666666664
1684,0.902,0.15033333333333335
1685,1.4580000000000002,0.20828571428571432
1686,1.506,0.21514285714285714
1687,0.5439999999999999,0.10879999999999998
1688,-1.798,-0.2996666666666667
1689,0.29,0.04833333333333333
1690,-0.917,-0.131
1691,-1.316,-0.2632
1692,0.16000000000000003,0.026666666666666672
1693,-1.9169999999999998,-0.31949999999999995
1694,-0.6540000000000001,-0.09342857142857144
1695,0.6319999999999999,0.09028571428571427
1696,2.21,0.442
1697,-0.34399999999999986,-0.06879999999999997
1698,0.7589999999999999,0.12649999999999997
1699,-3.0620000000000003,-0.5103333333333334
1700,-0.613,-0.10216666666666667
1701,1.5899999999999999,0.26499999999999996
1702,-2.215,-0.3164285714285714
1703,-1.436,-0.20514285714285713
1704,2.25,0.375
1705,-0.31099999999999994,-0.04442857142857142
1706,-1.0310000000000001,-0.20620000000000002
1707,-0.505,-0.07214285714285715
1708,1.3250000000000002,0.1892857142857143
1709,0.574,0.08199999999999999
1710,-0.981,-0.24525
1711,0.508,0.08466666666666667
1712,-1.131,-0.1885
1713,-0.27999999999999997,-0.06999999999999999
1714,1.506,0.3765
1715,-0.6689999999999999,-0.13379999999999997
1716,-0.9169999999999999,-0.13099999999999998
1717,2.919,0.417
1718,0.43899999999999995,0.08779999999999999
1719,0.34199999999999997,0.048857142857142856
1720,0.34199999999999997,0.06839999999999999
1721,-2.047,-0.3411666666666667
1722,0.04099999999999994,0.005857142857142848
1723,0.886,0.29533333333333334
1724,-1.299,-0.2165
1725,-0.9219999999999999,-0.23049999999999998
1726,2.2720000000000002,0.5680000000000001
1727,-2.225,-0.3178571428571429
1728,-2.243,-0.3738333333333333
1729,1.586,0.26433333333333336
1730,0.22500000000000003,0.037500000000000006
1731,1.217,0.30425
1732,-1.528,-0.382
1733,-0.854,-0.14233333333333334
1734,-1.008,-0.144
1735,-0.983,-0.24575
1736,0.4470000000000001,0.08940000000000002
1737,-0.7759999999999999,-0.12933333333333333
1738,0.22700000000000006,0.03242857142857144
1739,0.21200000000000002,0.053000000000000005
1740,-0.626,-0.10433333333333333
1741,-2.02,-0.33666666666666667
1742,2.165,0.36083333333333334
1743,1.24,0.20666666666666667
1744,-0.797,-0.13283333333333333
1745,-0.1600000000000001,-0.02285714285714287
1746,0.15100000000000005,0.021571428571428578
1747,0.5529999999999999,0.07899999999999999
1748,1.911,0.3822
1749,-0.8170000000000001,-0.13616666666666669
1750,0.444,0.074
1751,0.04500000000000008,0.01125000000000002
1752,0.414,0.06899999999999999
1753,0.4630000000000001,0.07716666666666668
1754,-0.827,-0.1654
1755,-0.30000000000000004,-0.042857142857142864
1756,-0.407,-0.06783333333333333
1757,-0.464,-0.0662857142857143
1758,1.028,0.14685714285714285
1759,-0.045999999999999965,-0.009199999999999993
1760,-0.704,-0.11733333333333333
1761,-1.9060000000000001,-0.2722857142857143
1762,-0.9159999999999999,-0.13085714285714284
1763,-1.914,-0.4785
1764,-0.30299999999999994,-0.06059999999999999
1765,-3.132,-0.44742857142857145
1766,1.017,0.16949999999999998
1767,1.4869999999999999,0.2124285714285714
1768,1.329,0.18985714285714286
1769,0.97,0.194
1770,-1.722,-0.287
1771,-0.52,-0.07428571428571429
1772,1.278,0.2556
1773,-0.924,-0.18480000000000002
1774,-2.749,-0.39271428571428574
1775,-1.3800000000000001,-0.23
1776,2.272,0.37866666666666665
1777,-0.878,-0.12542857142857142
1778,0.745,0.149
1779,0.357,0.08925
1780,-1.572,-0.262
1781,-0.7679999999999999,-0.1097142857142857
1782,0.08700000000000005,0.01740000000000001
1783,-0.36299999999999993,-0.06049999999999999
1784,1.365,0.195
1785,1.889,0.31483333333333335
1786,-1.414,-0.23566666666666666
1787,0.16799999999999998,0.027999999999999997
1788,-2.93,-0.4185714285714286
1789,-0.754,-0.10771428571428572
1790,-2.3899999999999997,-0.34142857142857136
1791,-0.3780000000000001,-0.05400000000000001
1792,-0.634,-0.1585
1793,-0.17799999999999988,-0.02542857142857141
1794,2.208,0.36800000000000005
1795,-1.29,-0.215
1796,1.872,0.3744
1797,3.575,0.5958333333333333
1798,1.0100000000000002,0.14428571428571432
1799,0.144,0.023999999999999997
1800,-1.096,-0.15657142857142858
1801,1.009,0.3363333333333333
1802,-2.652,-0.442
1803,1.93,0.386
1804,2.411,0.4018333333333333
1805,0.981,0.24525
1806,-0.29500000000000004,-0.04916666666666667
1807,-1.2770000000000001,-0.2554
1808,-0.732,-0.183
1809,-2.83,-0.4042857142857143
1810,0.933,0.18660000000000002
1811,2.0620000000000003,0.41240000000000004
1812,-0.182,-0.0364
1813,-0.015999999999999945,-0.003199999999999989
1814,-1.012,-0.2024
1815,-1.499,-0.24983333333333335
1816,2.227,0.3181428571428571
1817,-0.9329999999999998,-0.15549999999999997
1818,0.888,0.148
1819,0.578,0.1156
1820,0.951,0.13585714285714284
1821,-0.9489999999999998,-0.13557142857142854
1822,-1.3459999999999999,-0.2692
1823,-0.7080000000000001,-0.11800000000000001
1824,-1.9089999999999998,-0.31816666666666665
1825,-0.9890000000000001,-0.19780000000000003
1826,1.434,0.3585
1827,-0.857,-0.1714
1828,1.4509999999999998,0.20728571428571427
1829,1.544,0.25733333333333336
1830,1.642,0.23457142857142857
1831,-0.7300000000000001,-0.14600000000000002
1832,-1.9140000000000001,-0.38280000000000003
1833,-0.19199999999999995,-0.02742857142857142
1834,0.864,0.144
1835,-1.131,-0.16157142857142856
1836,0.571,0.09516666666666666
1837,2.368,0.39466666666666667
1838,-1.0319999999999998,-0.17199999999999996
1839,0.21000000000000002,0.042
1840,-0.862,-0.14366666666666666
1841,2.405,0.3435714285714285
1842,3.1350000000000002,0.5225000000000001
1843,-0.938,-0.1876
1844,-1.875,-0.26785714285714285
1845,-2.036,-0.4072
1846,0.583,0.09716666666666667
1847,1.2329999999999999,0.17614285714285713
1848,1.2599999999999998,0.20999999999999996
1849,1.162,0.16599999999999998
1850,-2.393,-0.3988333333333333
1851,-1.982,-0.28314285714285714
1852,1.798,0.2996666666666667
1853,-0.8420000000000001,-0.14033333333333334
1854,0.789,0.1315
1855,0.656,0.1312
1856,-3.541,-0.5901666666666666
1857,-0.968,-0.16133333333333333
1858,-0.21199999999999988,-0.035333333333333314
1859,-0.06499999999999997,-0.012999999999999994
1860,0.7929999999999999,0.13216666666666665
1861,-0.308,-0.044
1862,-0.61,-0.08714285714285715
1863,1.4229999999999998,0.28459999999999996
1864,1.1560000000000001,0.19266666666666668
1865,1.342,0.2684
1866,1.811,0.30183333333333334
1867,-1.47,-0.245
1868,0.307,0.10233333333333333
1869,0.637,0.091
1870,0.5209999999999999,0.08683333333333332
1871,-1.267,-0.25339999999999996
1872,-0.37799999999999995,-0.09449999999999999
1873,1.3199999999999998,0.18857142857142856
1874,0.8660000000000001,0.14433333333333334
1875,-2.26,-0.32285714285714284
1876,3.144,0.524
1877,0.975,0.1392857142857143
1878,-2.271,-0.3244285714285714
1879,-0.445,-0.11125
1880,0.6330000000000001,0.09042857142857144
1881,-1.2269999999999999,-0.2045
1882,1.508,0.3016
1883,1.504,0.3008
1884,-1.846,-0.26371428571428573
1885,1.439,0.35975
1886,-1.412,-0.353
1887,1.251,0.2502
1888,-0.5870000000000001,-0.08385714285714287
1889,-1.026,-0.14657142857142857
1890,-0.8969999999999999,-0.12814285714285714
1891,-1.843,-0.2632857142857143
1892,0.7210000000000001,0.12016666666666669
1893,2.922,0.48700000000000004
1894,0.911,0.1822
1895,-0.796,-0.398
1896,-0.4970000000000001,-0.08283333333333336
1897,-0.95,-0.15833333333333333
1898,-1.5,-0.3
1899,0.3210000000000001,0.045857142857142874
1900,-3.838,-0.6396666666666667
1901,1.3559999999999999,0.2712
1902,2.049,0.34149999999999997
1903,-2.3930000000000002,-0.3988333333333334
1904,-0.11399999999999996,-0.016285714285714282
1905,1.621,0.27016666666666667
1906,-2.437,-0.34814285714285714
1907,0.14100000000000001,0.028200000000000003
1908,-1.956,-0.3912
1909,-1.053,-0.1504285714285714
1910,-0.612,-0.08742857142857142
1911,-0.579,-0.08271428571428571
1912,0.006000000000000005,0.0008571428571428579
1913,0.31499999999999995,0.05249999999999999
1914,-0.4099999999999999,-0.08199999999999999
1915,0.25699999999999995,0.04283333333333333
1916,1.121,0.16014285714285714
1917,0.768,0.128
1918,0.8240000000000001,0.13733333333333334
1919,-0.46599999999999997,-0.06657142857142857
1920,-1.373,-0.2746
1921,-0.09499999999999995,-0.013571428571428564
1922,-0.09800000000000002,-0.014000000000000002
1923,-0.29100000000000004,-0.04850000000000001
1924,0.918,0.153
1925,0.774,0.11057142857142857
1926,-0.31199999999999983,-0.05199999999999997
1927,0.936,0.13371428571428573
1928,-0.6399999999999999,-0.15999999999999998
1929,1.199,0.1712857142857143
1930,-0.16600000000000006,-0.027666666666666676
1931,0.88,0.176
1932,-0.6379999999999999,-0.10633333333333332
1933,0.36500000000000005,0.05214285714285715
1934,-0.5930000000000001,-0.08471428571428573
1935,1.328,0.22133333333333335
1936,-0.23299999999999996,-0.04659999999999999
1937,-0.011999999999999983,-0.001999999999999997
1938,0.14899999999999997,0.02128571428571428
1939,2.599,0.5198
1940,0.07599999999999993,0.012666666666666654
1941,1.385,0.19785714285714287
1942,-0.8320000000000001,-0.16640000000000002
1943,1.654,0.3308
1944,0.30600000000000005,0.04371428571428572
1945,-0.15399999999999994,-0.021999999999999992
1946,-1.099,-0.18316666666666667
1947,-1.616,-0.26933333333333337
1948,-1.16,-0.19333333333333333
1949,-1.5270000000000001,-0.2545
1950,-0.09199999999999997,-0.015333333333333329
1951,-0.903,-0.129
1952,-1.31,-0.262
1953,2.4570000000000003,0.49140000000000006
1954,-0.31100000000000005,-0.044428571428571435
1955,-3.43,-0.49000000000000005
1956,0.6599999999999999,0.16499999999999998
1957,-0.5880000000000001,-0.09800000000000002
1958,0.513,0.0855
1959,0.10199999999999998,0.016999999999999998
1960,-0.88,-0.14666666666666667
1961,0.585,0.08357142857142856
1962,0.4099999999999999,0.05857142857142856
1963,0.8890000000000001,0.22225000000000003
1964,-2.43,-0.405
1965,0.723,0.10328571428571429
1966,-1.766,-0.4415
1967,-2.324,-0.33199999999999996
1968,-1.069,-0.17816666666666667
1969,-1.574,-0.3935
1970,1.3519999999999999,0.2253333333333333
1971,0.671,0.09585714285714286
1972,1.229,0.20483333333333334
1973,0.558,0.1116
1974,-1.244,-0.2488
1975,-1.785,-0.357
1976,-0.976,-0.16266666666666665
1977,-0.05600000000000005,-0.014000000000000012
1978,-1.092,-0.2184
1979,-2.63,-0.3757142857142857
1980,0.968,0.16133333333333333
1981,-2.527,-0.4211666666666667
1982,1.1019999999999999,0.18366666666666664
1983,-0.962,-0.13742857142857143
1984,1.061,0.2122
1985,2.2760000000000002,0.45520000000000005
1986,-0.9870000000000001,-0.19740000000000002
1987,1.6840000000000002,0.2405714285714286
1988,-2.549,-0.36414285714285716
1989,-0.09300000000000003,-0.03100000000000001
1990,3.115,0.623
1991,-2.372,-0.33885714285714286
1992,-1.8179999999999998,-0.2597142857142857
1993,-2.149,-0.3581666666666667
1994,0.941,0.15683333333333332
1995,0.589,0.08414285714285714
1996,0.1859999999999999,0.030999999999999982
1997,-0.278,-0.039714285714285716
1998,1.978,0.32966666666666666
1999,0.742,0.106
2000,-1.572,-0.3144